<?xml version="1.0" encoding="UTF-8"?>

<!DOCTYPE struts PUBLIC
        "-//Apache Software Foundation//DTD Struts Configuration 2.5//EN"
        "http://struts.apache.org/dtds/struts-2.5.dtd">
<struts>
<package name="action" extends="struts-default">
    <action name="SignIn" class="action.SignInAction">
        <result name="admin">admin.jsp</result>
        <result name="stagiaire">stagiaire.jsp</result>
        <result name="unknown">fail.jsp</result>
    </action>

    <action name="createUserAction" class="action.createUserAction">
        <result name="success">createdUser.jsp</result>
        <result name="failure">fail.jsp</result>
    </action>

    <action name="listAllUsers" class="action.listAllUsersAction">
        <result name="success">lister-user.jsp</result>
        <result name="failure">fail.jsp</result>
    </action>

    <action name="CreerQuestion" class="action.CreerQuestionnaire">
        <result name="success">admin.jsp</result>
        <result name="failure">fail.jsp</result>
    </action>

    <action name="listQuestionnaires" class="action.listAllQuestionnaire">
        <result name="success">lister-qstnr.jsp</result>
        <result name="failure">fail.jsp</result>
    </action>
    <action name="listQuestionnairesStagiaire" class="action.listAllQuestionnaire">
        <result name="success">lister-qstnr-stagiaire.jsp</result>
        <result name="failure">fail.jsp</result>
    </action>

    <action name="modifierStagiaire" class="action.modifierAction">
        <result name="success">formulaire-user.jsp</result>
        <result name="failure">fail.jsp</result>
    </action>

    <action name="modifierQuest" class="action.modifierAction">
        <result name="success">formulaire-questionaire.jsp</result>
        <result name="failure">fail.jsp</result>
    </action>
</package>
</struts>